route_id,movements,positive_pct,median_delta_m,observed_direction
19499,4191,1.6,-279.77000000000044,decreasing
19500,3756,1.0,-322.0649999999996,decreasing
19577,3640,0.5,-255.67000000000007,decreasing
19563,3522,1.1,-265.35999999999876,decreasing
19470,3452,0.2,-286.21,decreasing
19562,3123,0.0,-319.44000000000005,decreasing
19576,3017,0.5,-231.65000000000055,decreasing
19471,3005,0.1,-299.34000000000015,decreasing
19497,2849,0.5,-235.5699999999997,decreasing
19492,2497,1.1,-248.54999999999927,decreasing
19491,2469,1.2,-276.1100000000006,decreasing
19498,2317,0.2,-271.3800000000001,decreasing
19566,2207,1.2,-259.3600000000006,decreasing
19567,2201,0.1,-327.46000000000004,decreasing
19473,1856,0.2,-274.0849999999998,decreasing
19472,1709,0.1,-256.2000000000007,decreasing
19515,1583,0.1,-186.98000000000002,decreasing
19518,1528,0.1,-166.1300000000001,decreasing
19520,1499,6.4,-228.8099999999995,decreasing
19559,1437,28.5,-297.2099999999991,decreasing
19519,1281,0.7,-230.9000000000001,decreasing
19579,1243,0.2,-256.09000000000015,decreasing
19565,1136,0.1,-331.5,decreasing
19522,1134,0.1,-227.10000000000002,decreasing
19460,1092,0.6,-406.27,decreasing
19578,1083,1.4,-224.92000000000007,decreasing
19523,1064,0.9,-241.79999999999967,decreasing
19493,1062,2.6,-368.84000000000015,decreasing
19564,1058,1.7,-266.9399999999998,decreasing
19516,1036,0.5,-204.78999999999996,decreasing
19459,1005,0.1,-428.40999999999985,decreasing
19494,955,0.2,-317.5799999999997,decreasing
20439,918,1.4,-236.54999999999973,decreasing
19517,912,0.0,-202.60000000000036,decreasing
19558,883,9.2,-412.4199999999996,decreasing
19457,852,1.1,-418.14999999999986,decreasing
20296,787,2.5,-415.8499999999999,decreasing
20440,768,0.1,-234.9400000000005,decreasing
19458,726,0.0,-381.53999999999996,decreasing
20295,713,0.4,-411.1299999999992,decreasing
19984,665,0.2,-254.91999999999916,decreasing
27054,635,5.5,-227.96000000000095,decreasing
19474,626,3.2,-294.71000000000004,decreasing
20211,612,15.5,-329.0799999999999,decreasing
19983,603,0.0,-289.1399999999994,decreasing
19475,549,0.7,-339.1800000000003,decreasing
19455,393,0.0,-422.80999999999995,decreasing
19456,388,0.0,-407.18000000000006,decreasing
19909,373,0.5,-210.48999999999978,decreasing
19582,301,0.7,-245.20999999999913,decreasing
19908,269,1.5,-250.15999999999985,decreasing
19556,179,3.4,-429.3299999999981,decreasing
19557,171,8.8,-409.22000000000116,decreasing
20212,162,0.0,-413.125,decreasing
19429,117,0.0,-435.85999999999996,decreasing
27372,101,9.9,-506.94000000000005,decreasing
19430,93,0.0,-407.18000000000006,decreasing
19583,63,1.6,-259.65999999999985,decreasing
27371,51,0.0,-491.9399999999998,decreasing
26892,48,0.0,-568.79,decreasing
20015,28,0.0,-527.105,decreasing
20016,26,26.9,-78.69000000000051,decreasing
27055,415,100.0,255.3199999999997,increasing
