route_id,direction_id,shape_id,trip_headsign
19429,0,19429,Ida
19430,0,19430,Volta
19455,0,19455,Ida
19456,0,19456,Volta
19457,0,19457,Ida
19458,0,19458,Volta
19459,0,19459,Ida
19460,0,19460,Volta
19470,0,19470,Ida
19471,0,19471,Volta
19473,0,19473,Ida
19472,0,19472,Volta
19474,0,19474,Ida
19475,0,19475,Volta
19492,0,19492,Ida
19491,0,19491,Volta
19494,0,19494,Ida
19493,0,19493,Volta
19497,0,19497,Ida
19498,0,19498,Volta
19499,0,19499,Ida
19500,0,19500,Volta
19515,0,19515,Ida
19516,0,19516,Volta
19517,0,19517,Ida
19518,0,19518,Volta
19519,0,19519,Ida
19520,0,19520,Volta
19522,0,19522,Ida
19523,0,19523,Volta
19553,0,19553,Volta
19555,0,19555,Volta
19556,0,19556,Ida
19557,0,19557,Volta
19559,0,19559,Ida
19558,0,19558,Volta
19563,0,19563,Ida
19562,0,19562,Volta
19564,0,19564,Ida
19565,0,19565,Volta
19566,0,19566,Ida
19567,0,19567,Volta
19576,0,19576,Ida
19577,0,19577,Volta
19578,0,19578,Ida
19579,0,19579,Volta
19582,0,19582,Ida
19583,0,19583,Volta
19584,0,19584,Ida
26882,0,26882,Ida
26884,0,26884,Volta
26885,0,26885,Ida
26888,0,26888,Ida
26889,0,26889,Ida
26890,0,26890,Volta
26891,0,26891,Ida
26892,0,26892,Volta
26895,0,26895,Ida
26899,0,26899,Ida
26901,0,26901,Ida
26903,0,26903,Ida
26906,0,26906,Volta
26908,0,26908,Ida
26909,0,26909,Ida
27054,0,27054,Ida
27055,0,27055,Volta
27056,0,27056,Ida
27057,0,27057,Volta
19909,0,19909,Ida
19908,0,19908,Volta
19957,0,19957,Ida
19956,0,19956,Volta
19958,0,19958,Ida
19959,0,19959,Volta
19984,0,19984,Ida
19983,0,19983,Volta
19997,0,19997,Ida
20016,0,20016,Ida
20015,0,20015,Volta
20211,0,20211,Ida
20212,0,20212,Volta
20264,0,20264,Volta
20263,0,20263,Ida
20295,0,20295,Ida
20296,0,20296,Volta
20439,0,20439,Volta
20440,0,20440,Ida
27371,0,27371,Ida
27372,0,27372,Volta
